"profile_id","x","y","survey","soc_stock"
"p001",-49.577848,-20.167797,"survey_1",43.21
"p002",-49.581796,-20.150735,"survey_1",43.06
"p003",-49.582014,-20.155714,"survey_1",40.98
"p004",-49.573259,-20.154186,"survey_1",77.12
"p005",-49.571064,-20.154062,"survey_1",51.35
"p006",-49.573589,-20.153788,"survey_1",63.81
"p007",-49.574628,-20.159172,"survey_1",47.47
"p008",-49.580517,-20.153401,"survey_1",36.51
"p009",-49.577136,-20.155828,"survey_1",62.66
"p010",-49.576129,-20.161072,"survey_1",79.98
"p011",-49.574164,-20.157045,"survey_1",60.93
"p012",-49.575622,-20.152966,"survey_1",64.29
"p013",-49.571182,-20.15916,"survey_1",58.54
"p014",-49.5746,-20.151087,"survey_1",51.91
"p015",-49.580914,-20.149445,"survey_1",52.52
"p016",-49.637161,-20.033023,"survey_2",55.49
"p017",-49.641611,-20.039433,"survey_2",26.11
"p018",-49.636862,-20.033865,"survey_2",57.62
"p019",-49.644024,-20.044633,"survey_2",48.72
"p020",-49.645517,-20.034293,"survey_2",53.87
"p021",-49.63891,-20.038222,"survey_2",35.14
"p022",-49.636672,-20.036073,"survey_2",35.51
"p023",-49.63615,-20.03288,"survey_2",70.98
"p024",-49.649146,-20.034005,"survey_2",24.48
"p025",-49.646744,-20.032836,"survey_2",27.83
"p026",-49.64069,-20.04082,"survey_2",18.49
"p027",-49.641834,-20.036119,"survey_2",50.99
"p028",-49.64711,-20.035967,"survey_2",33.93
"p029",-49.643082,-20.043616,"survey_2",22.57
"p030",-49.638577,-20.041487,"survey_2",29.27
"p031",-49.671333,-20.156349,"survey_3",44.19
"p032",-49.672193,-20.15932,"survey_3",69.52
"p033",-49.666322,-20.154093,"survey_3",35.51
"p034",-49.679256,-20.156869,"survey_3",43.77
"p035",-49.670901,-20.149169,"survey_3",52.22
"p036",-49.676446,-20.153887,"survey_3",39.14
"p037",-49.669641,-20.157768,"survey_3",47.05
"p038",-49.667212,-20.151861,"survey_3",42.73
"p039",-49.667202,-20.15213,"survey_3",54.06
"p040",-49.675558,-20.14933,"survey_3",50.5
"p041",-49.672073,-20.153724,"survey_3",59.02
"p042",-49.674211,-20.156293,"survey_3",73.18
"p043",-49.675621,-20.153648,"survey_3",45.93
"p044",-49.67619,-20.153808,"survey_3",42.72
"p045",-49.668228,-20.154551,"survey_3",52.02
"p046",-49.617106,-20.132032,"survey_4",51.46
"p047",-49.614194,-20.136895,"survey_4",62.82
"p048",-49.610277,-20.128231,"survey_4",48.47
"p049",-49.611923,-20.131701,"survey_4",85.81
"p050",-49.609576,-20.141013,"survey_4",39.24
"p051",-49.610445,-20.133066,"survey_4",50.9
"p052",-49.605841,-20.140411,"survey_4",77.04
"p053",-49.611324,-20.132114,"survey_4",38.42
"p054",-49.609431,-20.135881,"survey_4",47.71
"p055",-49.617982,-20.135837,"survey_4",63.37
"p056",-49.612086,-20.135257,"survey_4",47.66
"p057",-49.613299,-20.13881,"survey_4",35.84
"p058",-49.613784,-20.133283,"survey_4",48.2
"p059",-49.618932,-20.131877,"survey_4",48.36
"p060",-49.60874,-20.139185,"survey_4",35.74
"p061",-49.648019,-20.043281,"survey_5",29.29
"p062",-49.65145,-20.038443,"survey_5",40.37
"p063",-49.658683,-20.045854,"survey_5",45.08
"p064",-49.653898,-20.035653,"survey_5",44.61
"p065",-49.652829,-20.036576,"survey_5",33.74
"p066",-49.654285,-20.040511,"survey_5",24.09
"p067",-49.650682,-20.039152,"survey_5",31.51
"p068",-49.645421,-20.043919,"survey_5",23.88
"p069",-49.651038,-20.036353,"survey_5",34.84
"p070",-49.654461,-20.035879,"survey_5",22.5
"p071",-49.651775,-20.036902,"survey_5",28.95
"p072",-49.654169,-20.040794,"survey_5",28.42
"p073",-49.653152,-20.038314,"survey_5",35.81
"p074",-49.646438,-20.038051,"survey_5",27.55
"p075",-49.653355,-20.031199,"survey_5",50.89
"p076",-49.62414,-20.101079,"survey_6",22.05
"p077",-49.622034,-20.094163,"survey_6",27.55
"p078",-49.62625,-20.092148,"survey_6",24.12
"p079",-49.627776,-20.101693,"survey_6",29.56
"p080",-49.626858,-20.090514,"survey_6",25.96
"p081",-49.626138,-20.093528,"survey_6",21.18
"p082",-49.629381,-20.088854,"survey_6",17.33
"p083",-49.621448,-20.088498,"survey_6",45.43
"p084",-49.621116,-20.101112,"survey_6",19.87
"p085",-49.615549,-20.094605,"survey_6",23.54
"p086",-49.624376,-20.096211,"survey_6",25.44
"p087",-49.625703,-20.090471,"survey_6",31.23
"p088",-49.626459,-20.088412,"survey_6",15.81
"p089",-49.629175,-20.092857,"survey_6",30.68
"p090",-49.6253,-20.092866,"survey_6",22.41
"p091",-49.570419,-20.021068,"scattered",54.27
"p092",-49.652865,-20.110988,"scattered",26.78
"p093",-49.570432,-20.102021,"scattered",16.34
"p094",-49.572794,-20.139734,"scattered",38.68
"p095",-49.54294,-20.028988,"scattered",26.53
"p096",-49.614082,-20.034185,"scattered",70.94
"p097",-49.525354,-20.146706,"scattered",53.9
"p098",-49.628766,-20.055497,"scattered",43.72
"p099",-49.573845,-20.123071,"scattered",30.74
"p100",-49.591719,-20.156827,"scattered",65.3
"p101",-49.618879,-20.173828,"scattered",47.1
"p102",-49.650331,-20.098475,"scattered",23.69
"p103",-49.652101,-20.052843,"scattered",24.08
"p104",-49.618144,-20.086529,"scattered",25.67
"p105",-49.62164,-20.038144,"scattered",20.61
"p106",-49.54389,-20.169373,"scattered",74.79
"p107",-49.592212,-20.060972,"scattered",24.6
"p108",-49.601641,-20.031348,"scattered",33.94
"p109",-49.570633,-20.016552,"scattered",33.68
"p110",-49.651038,-20.040956,"scattered",24.63
"p111",-49.605553,-20.02405,"scattered",45.46
"p112",-49.644639,-20.173907,"scattered",65.64
"p113",-49.617079,-20.107984,"scattered",26.7
"p114",-49.537884,-20.187061,"scattered",43.89
"p115",-49.673206,-20.117896,"scattered",26.92
"p116",-49.576058,-20.185511,"scattered",79.53
"p117",-49.541064,-20.01787,"scattered",34.66
"p118",-49.611674,-20.184409,"scattered",39.67
"p119",-49.668481,-20.075508,"scattered",19.66
"p120",-49.651077,-20.108583,"scattered",26.09
"p121",-49.513056,-20.074682,"scattered",41.06
"p122",-49.612187,-20.071689,"scattered",22.16
"p123",-49.585608,-20.134451,"scattered",54.59
"p124",-49.547126,-20.145524,"scattered",132.1
"p125",-49.590478,-20.16189,"scattered",46.27
"p126",-49.519648,-20.144737,"scattered",32.92
"p127",-49.63802,-20.11323,"scattered",32.97
"p128",-49.608719,-20.088006,"scattered",42.03
"p129",-49.555888,-20.112155,"scattered",17.19
"p130",-49.542239,-20.168644,"scattered",76.07
"p131",-49.651393,-20.020806,"scattered",63.49
"p132",-49.593272,-20.098532,"scattered",43.4
"p133",-49.589202,-20.150398,"scattered",42.48
"p134",-49.606991,-20.106556,"scattered",42.38
"p135",-49.546534,-20.073275,"scattered",26.15
"p136",-49.545852,-20.08788,"scattered",17.58
"p137",-49.666991,-20.058836,"scattered",37.21
"p138",-49.520557,-20.058771,"scattered",35.3
"p139",-49.573489,-20.159397,"scattered",55.59
"p140",-49.523804,-20.117826,"scattered",41.09
"p141",-49.520463,-20.108446,"scattered",26.1
"p142",-49.614028,-20.06597,"scattered",27.88
"p143",-49.525927,-20.08354,"scattered",29.01
"p144",-49.612865,-20.021578,"scattered",35.47
"p145",-49.55086,-20.176706,"scattered",77.49
"p146",-49.521918,-20.164688,"scattered",97.67
"p147",-49.607934,-20.051399,"scattered",50.69
"p148",-49.516191,-20.139547,"scattered",29.92
"p149",-49.625364,-20.149324,"scattered",69.72
"p150",-49.519614,-20.102892,"scattered",24.28
"p151",-49.52945,-20.143833,"scattered",60.6
"p152",-49.647878,-20.117217,"scattered",20.35
"p153",-49.676999,-20.115507,"scattered",18.47
"p154",-49.528008,-20.1744,"scattered",70.22
"p155",-49.533778,-20.07059,"scattered",22.57
"p156",-49.674603,-20.029192,"scattered",69.45
"p157",-49.683943,-20.156129,"scattered",35.27
"p158",-49.65443,-20.036394,"scattered",41.06
"p159",-49.569572,-20.182969,"scattered",85.12
"p160",-49.677991,-20.177132,"scattered",54.61
